{
  "Color": {
    "Brand": {
      "Brand 800": {
        "$type": "color",
        "$value": {
          "colorSpace": "srgb",
          "components": [
            0,
            0.125490203499794,
            0.32156863808631897
          ],
          "alpha": 1,
          "hex": "#002052"
        },
        "$extensions": {
          "com.figma.variableId": "VariableID:5429:17835",
          "com.figma.scopes": [
            "ALL_SCOPES"
          ]
        }
      },
      "Brand 700": {
        "$type": "color",
        "$value": {
          "colorSpace": "srgb",
          "components": [
            0,
            0.1764705926179886,
            0.4470588266849518
          ],
          "alpha": 1,
          "hex": "#002D72"
        },
        "$extensions": {
          "com.figma.variableId": "VariableID:5429:17836",
          "com.figma.scopes": [
            "ALL_SCOPES"
          ]
        }
      },
      "Brand 600": {
        "$type": "color",
        "$value": {
          "colorSpace": "srgb",
          "components": [
            0,
            0.3019607961177826,
            0.7607843279838562
          ],
          "alpha": 1,
          "hex": "#004DC2"
        },
        "$extensions": {
          "com.figma.variableId": "VariableID:5429:17837",
          "com.figma.scopes": [
            "ALL_SCOPES"
          ]
        }
      },
      "Brand 500": {
        "$type": "color",
        "$value": {
          "colorSpace": "srgb",
          "components": [
            0.699999988079071,
            0.8177570104598999,
            1
          ],
          "alpha": 1,
          "hex": "#B2D1FF"
        },
        "$extensions": {
          "com.figma.variableId": "VariableID:5429:17838",
          "com.figma.scopes": [
            "ALL_SCOPES"
          ]
        }
      },
      "Brand 400": {
        "$type": "color",
        "$value": {
          "colorSpace": "srgb",
          "components": [
            0.8588235378265381,
            0.9137254953384399,
            1
          ],
          "alpha": 1,
          "hex": "#DBE9FF"
        },
        "$extensions": {
          "com.figma.variableId": "VariableID:5429:17839",
          "com.figma.scopes": [
            "ALL_SCOPES"
          ]
        }
      },
      "Brand 100": {
        "$type": "color",
        "$value": {
          "colorSpace": "srgb",
          "components": [
            0.9607843160629272,
            0.9764705896377563,
            1
          ],
          "alpha": 1,
          "hex": "#F5F9FF"
        },
        "$extensions": {
          "com.figma.variableId": "VariableID:5429:17840",
          "com.figma.scopes": [
            "ALL_SCOPES"
          ]
        }
      }
    },
    "Primary": {
      "Primary 800": {
        "$type": "color",
        "$value": {
          "colorSpace": "srgb",
          "components": [
            0,
            0.2666666805744171,
            0.5215686559677124
          ],
          "alpha": 1,
          "hex": "#004485"
        },
        "$extensions": {
          "com.figma.variableId": "VariableID:5429:17842",
          "com.figma.scopes": [
            "ALL_SCOPES"
          ]
        }
      },
      "Primary 700": {
        "$type": "color",
        "$value": {
          "colorSpace": "srgb",
          "components": [
            0,
            0.3686274588108063,
            0.7215686440467834
          ],
          "alpha": 1,
          "hex": "#005EB8"
        },
        "$extensions": {
          "com.figma.variableId": "VariableID:5429:17843",
          "com.figma.scopes": [
            "ALL_SCOPES"
          ]
        }
      },
      "Primary 600": {
        "$type": "color",
        "$value": {
          "colorSpace": "srgb",
          "components": [
            0,
            0.47058823704719543,
            0.9215686321258545
          ],
          "alpha": 1,
          "hex": "#0078EB"
        },
        "$extensions": {
          "com.figma.variableId": "VariableID:5429:17844",
          "com.figma.scopes": [
            "ALL_SCOPES"
          ]
        }
      },
      "Primary 500": {
        "$type": "color",
        "$value": {
          "colorSpace": "srgb",
          "components": [
            0.12156862765550613,
            0.5686274766921997,
            1
          ],
          "alpha": 1,
          "hex": "#1F91FF"
        },
        "$extensions": {
          "com.figma.variableId": "VariableID:5429:17845",
          "com.figma.scopes": [
            "ALL_SCOPES"
          ]
        }
      },
      "Primary 400": {
        "$type": "color",
        "$value": {
          "colorSpace": "srgb",
          "components": [
            0.5215686559677124,
            0.7647058963775635,
            1
          ],
          "alpha": 1,
          "hex": "#85C3FF"
        },
        "$extensions": {
          "com.figma.variableId": "VariableID:5429:17846",
          "com.figma.scopes": [
            "ALL_SCOPES"
          ]
        }
      },
      "Primary 300": {
        "$type": "color",
        "$value": {
          "colorSpace": "srgb",
          "components": [
            0.8600000143051147,
            0.9309859275817871,
            1
          ],
          "alpha": 1,
          "hex": "#DBEDFF"
        },
        "$extensions": {
          "com.figma.variableId": "VariableID:5429:17847",
          "com.figma.scopes": [
            "ALL_SCOPES"
          ]
        }
      },
      "Primary 200": {
        "$type": "color",
        "$value": {
          "colorSpace": "srgb",
          "components": [
            0.9607843160629272,
            0.9803921580314636,
            1
          ],
          "alpha": 1,
          "hex": "#F5FAFF"
        },
        "$extensions": {
          "com.figma.variableId": "VariableID:5429:17848",
          "com.figma.scopes": [
            "ALL_SCOPES"
          ]
        }
      }
    },
    "Neutral": {
      "Neutral 800": {
        "$type": "color",
        "$value": {
          "colorSpace": "srgb",
          "components": [
            0.13333334028720856,
            0.13333334028720856,
            0.13333334028720856
          ],
          "alpha": 1,
          "hex": "#222222"
        },
        "$extensions": {
          "com.figma.variableId": "VariableID:5429:17849",
          "com.figma.scopes": [
            "ALL_SCOPES"
          ]
        }
      },
      "Neutral 700": {
        "$type": "color",
        "$value": {
          "colorSpace": "srgb",
          "components": [
            0.501960813999176,
            0.501960813999176,
            0.501960813999176
          ],
          "alpha": 1,
          "hex": "#808080"
        },
        "$extensions": {
          "com.figma.variableId": "VariableID:5429:17850",
          "com.figma.scopes": [
            "ALL_SCOPES"
          ]
        }
      },
      "Neutral 600": {
        "$type": "color",
        "$value": {
          "colorSpace": "srgb",
          "components": [
            0.7019608020782471,
            0.7019608020782471,
            0.7019608020782471
          ],
          "alpha": 1,
          "hex": "#B3B3B3"
        },
        "$extensions": {
          "com.figma.variableId": "VariableID:5429:17851",
          "com.figma.scopes": [
            "ALL_SCOPES"
          ]
        }
      },
      "Neutral 500": {
        "$type": "color",
        "$value": {
          "colorSpace": "srgb",
          "components": [
            0.8509804010391235,
            0.8509804010391235,
            0.8509804010391235
          ],
          "alpha": 1,
          "hex": "#D9D9D9"
        },
        "$extensions": {
          "com.figma.variableId": "VariableID:5429:17852",
          "com.figma.scopes": [
            "ALL_SCOPES"
          ]
        }
      },
      "Neutral 400": {
        "$type": "color",
        "$value": {
          "colorSpace": "srgb",
          "components": [
            0.9019607901573181,
            0.9019607901573181,
            0.9019607901573181
          ],
          "alpha": 1,
          "hex": "#E6E6E6"
        },
        "$extensions": {
          "com.figma.variableId": "VariableID:5429:17853",
          "com.figma.scopes": [
            "ALL_SCOPES"
          ]
        }
      },
      "Neutral 300": {
        "$type": "color",
        "$value": {
          "colorSpace": "srgb",
          "components": [
            0.9686274528503418,
            0.9686274528503418,
            0.9686274528503418
          ],
          "alpha": 1,
          "hex": "#F7F7F7"
        },
        "$extensions": {
          "com.figma.variableId": "VariableID:5429:17854",
          "com.figma.scopes": [
            "ALL_SCOPES"
          ]
        }
      },
      "Neutral 200": {
        "$type": "color",
        "$value": {
          "colorSpace": "srgb",
          "components": [
            0.9882352948188782,
            0.9882352948188782,
            0.9882352948188782
          ],
          "alpha": 1,
          "hex": "#FCFCFC"
        },
        "$extensions": {
          "com.figma.variableId": "VariableID:5429:17855",
          "com.figma.scopes": [
            "ALL_SCOPES"
          ]
        }
      },
      "Neutral 100": {
        "$type": "color",
        "$value": {
          "colorSpace": "srgb",
          "components": [
            1,
            1,
            1
          ],
          "alpha": 1,
          "hex": "#FFFFFF"
        },
        "$extensions": {
          "com.figma.variableId": "VariableID:5429:17856",
          "com.figma.scopes": [
            "ALL_SCOPES"
          ]
        }
      },
      "Neutral 50": {
        "$type": "color",
        "$value": {
          "colorSpace": "srgb",
          "components": [
            0.13333334028720856,
            0.13333334028720856,
            0.13333334028720856
          ],
          "alpha": 0.5,
          "hex": "#222222"
        },
        "$extensions": {
          "com.figma.variableId": "VariableID:5433:6",
          "com.figma.scopes": [
            "ALL_SCOPES"
          ]
        }
      }
    },
    "Feedback": {
      "Information": {
        "Blue 300": {
          "$type": "color",
          "$value": {
            "colorSpace": "srgb",
            "components": [
              0.007843137718737125,
              0.4156862795352936,
              0.6352941393852234
            ],
            "alpha": 1,
            "hex": "#026AA2"
          },
          "$extensions": {
            "com.figma.variableId": "VariableID:5429:17857",
            "com.figma.scopes": [
              "ALL_SCOPES"
            ]
          }
        },
        "Blue 200": {
          "$type": "color",
          "$value": {
            "colorSpace": "srgb",
            "components": [
              0.8156862854957581,
              0.9058823585510254,
              0.9921568632125854
            ],
            "alpha": 1,
            "hex": "#D0E7FD"
          },
          "$extensions": {
            "com.figma.variableId": "VariableID:5429:17858",
            "com.figma.scopes": [
              "ALL_SCOPES"
            ]
          }
        },
        "Blue 100": {
          "$type": "color",
          "$value": {
            "colorSpace": "srgb",
            "components": [
              0.9176470637321472,
              0.95686274766922,
              0.9960784316062927
            ],
            "alpha": 1,
            "hex": "#EAF4FE"
          },
          "$extensions": {
            "com.figma.variableId": "VariableID:5429:17861",
            "com.figma.scopes": [
              "ALL_SCOPES"
            ]
          }
        }
      },
      "Success": {
        "Green 300": {
          "$type": "color",
          "$value": {
            "colorSpace": "srgb",
            "components": [
              0.019607843831181526,
              0.3764705955982208,
              0.22745098173618317
            ],
            "alpha": 1,
            "hex": "#05603A"
          },
          "$extensions": {
            "com.figma.variableId": "VariableID:5429:17862",
            "com.figma.scopes": [
              "ALL_SCOPES"
            ]
          }
        },
        "Green 200": {
          "$type": "color",
          "$value": {
            "colorSpace": "srgb",
            "components": [
              0.7882353067398071,
              0.929411768913269,
              0.8392156958580017
            ],
            "alpha": 1,
            "hex": "#C9EDD6"
          },
          "$extensions": {
            "com.figma.variableId": "VariableID:5429:17863",
            "com.figma.scopes": [
              "ALL_SCOPES"
            ]
          }
        },
        "Green 100": {
          "$type": "color",
          "$value": {
            "colorSpace": "srgb",
            "components": [
              0.9176470637321472,
              0.9725490212440491,
              0.9333333373069763
            ],
            "alpha": 1,
            "hex": "#EAF8EE"
          },
          "$extensions": {
            "com.figma.variableId": "VariableID:5429:17864",
            "com.figma.scopes": [
              "ALL_SCOPES"
            ]
          }
        }
      },
      "Warning": {
        "Orange 300": {
          "$type": "color",
          "$value": {
            "colorSpace": "srgb",
            "components": [
              0.6313725709915161,
              0.3607843220233917,
              0
            ],
            "alpha": 1,
            "hex": "#A15C00"
          },
          "$extensions": {
            "com.figma.variableId": "VariableID:5429:17865",
            "com.figma.scopes": [
              "ALL_SCOPES"
            ]
          }
        },
        "Orange 200": {
          "$type": "color",
          "$value": {
            "colorSpace": "srgb",
            "components": [
              0.9921568632125854,
              0.8901960849761963,
              0.7568627595901489
            ],
            "alpha": 1,
            "hex": "#FDE3C1"
          },
          "$extensions": {
            "com.figma.variableId": "VariableID:5429:17866",
            "com.figma.scopes": [
              "ALL_SCOPES"
            ]
          }
        },
        "Orange 100": {
          "$type": "color",
          "$value": {
            "colorSpace": "srgb",
            "components": [
              0.9960784316062927,
              0.95686274766922,
              0.9019607901573181
            ],
            "alpha": 1,
            "hex": "#FEF4E6"
          },
          "$extensions": {
            "com.figma.variableId": "VariableID:5429:17867",
            "com.figma.scopes": [
              "ALL_SCOPES"
            ]
          }
        }
      },
      "Error": {
        "Red 300": {
          "$type": "color",
          "$value": {
            "colorSpace": "srgb",
            "components": [
              0.7058823704719543,
              0.13725490868091583,
              0.0941176488995552
            ],
            "alpha": 1,
            "hex": "#B42318"
          },
          "$extensions": {
            "com.figma.variableId": "VariableID:5429:17868",
            "com.figma.scopes": [
              "ALL_SCOPES"
            ]
          }
        },
        "Red 200": {
          "$type": "color",
          "$value": {
            "colorSpace": "srgb",
            "components": [
              0.9764705896377563,
              0.8156862854957581,
              0.8156862854957581
            ],
            "alpha": 1,
            "hex": "#F9D0D0"
          },
          "$extensions": {
            "com.figma.variableId": "VariableID:5429:17869",
            "com.figma.scopes": [
              "ALL_SCOPES"
            ]
          }
        },
        "Red 100": {
          "$type": "color",
          "$value": {
            "colorSpace": "srgb",
            "components": [
              0.9882352948188782,
              0.9098039269447327,
              0.9098039269447327
            ],
            "alpha": 1,
            "hex": "#FCE8E8"
          },
          "$extensions": {
            "com.figma.variableId": "VariableID:5429:17870",
            "com.figma.scopes": [
              "ALL_SCOPES"
            ]
          }
        }
      }
    },
    "Areas": {
      "Intake": {
        "Background": {
          "$type": "color",
          "$value": {
            "colorSpace": "srgb",
            "components": [
              0.7137255072593689,
              0.8745098114013672,
              0.9921568632125854
            ],
            "alpha": 1,
            "hex": "#B6DFFD"
          },
          "$extensions": {
            "com.figma.variableId": "VariableID:5429:17871",
            "com.figma.scopes": [
              "ALL_SCOPES"
            ]
          }
        },
        "Vehicle": {
          "$type": "color",
          "$value": {
            "colorSpace": "srgb",
            "components": [
              0.6392157077789307,
              0.7843137383460999,
              0.8901960849761963
            ],
            "alpha": 1,
            "hex": "#A3C8E3"
          },
          "$extensions": {
            "com.figma.variableId": "VariableID:5429:17872",
            "com.figma.scopes": [
              "ALL_SCOPES"
            ]
          }
        },
        "LoadCarrier": {
          "$type": "color",
          "$value": {
            "colorSpace": "srgb",
            "components": [
              0.3843137323856354,
              0.7098039388656616,
              0.9372549057006836
            ],
            "alpha": 1,
            "hex": "#62B5EF"
          },
          "$extensions": {
            "com.figma.variableId": "VariableID:5429:17873",
            "com.figma.scopes": [
              "ALL_SCOPES"
            ]
          }
        },
        "Point": {
          "$type": "color",
          "$value": {
            "colorSpace": "srgb",
            "components": [
              0.03921568766236305,
              0.11764705926179886,
              0.5372549295425415
            ],
            "alpha": 1,
            "hex": "#0A1E89"
          },
          "$extensions": {
            "com.figma.variableId": "VariableID:5429:17874",
            "com.figma.scopes": [
              "ALL_SCOPES"
            ]
          }
        }
      },
      "Delivery": {
        "Background": {
          "$type": "color",
          "$value": {
            "colorSpace": "srgb",
            "components": [
              0.9803921580314636,
              0.9137254953384399,
              0.7333333492279053
            ],
            "alpha": 1,
            "hex": "#FAE9BB"
          },
          "$extensions": {
            "com.figma.variableId": "VariableID:5429:17875",
            "com.figma.scopes": [
              "ALL_SCOPES"
            ]
          }
        },
        "Vehicle": {
          "$type": "color",
          "$value": {
            "colorSpace": "srgb",
            "components": [
              0.8784313797950745,
              0.8196078538894653,
              0.658823549747467
            ],
            "alpha": 1,
            "hex": "#E0D1A8"
          },
          "$extensions": {
            "com.figma.variableId": "VariableID:5429:17876",
            "com.figma.scopes": [
              "ALL_SCOPES"
            ]
          }
        },
        "LoadCarrier": {
          "$type": "color",
          "$value": {
            "colorSpace": "srgb",
            "components": [
              0.929411768913269,
              0.7960784435272217,
              0.40784314274787903
            ],
            "alpha": 1,
            "hex": "#EDCB68"
          },
          "$extensions": {
            "com.figma.variableId": "VariableID:5429:17877",
            "com.figma.scopes": [
              "ALL_SCOPES"
            ]
          }
        },
        "Delivery Point": {
          "$type": "color",
          "$value": {
            "colorSpace": "srgb",
            "components": [
              0.7019608020782471,
              0.27450981736183167,
              0.1411764770746231
            ],
            "alpha": 1,
            "hex": "#B34624"
          },
          "$extensions": {
            "com.figma.variableId": "VariableID:5429:17878",
            "com.figma.scopes": [
              "ALL_SCOPES"
            ]
          }
        }
      },
      "Storage": {
        "Background": {
          "$type": "color",
          "$value": {
            "colorSpace": "srgb",
            "components": [
              0.8588235378265381,
              0.9176470637321472,
              0.8039215803146362
            ],
            "alpha": 1,
            "hex": "#DBEACD"
          },
          "$extensions": {
            "com.figma.variableId": "VariableID:5429:17879",
            "com.figma.scopes": [
              "ALL_SCOPES"
            ]
          }
        },
        "Vehicle": {
          "$type": "color",
          "$value": {
            "colorSpace": "srgb",
            "components": [
              0.7686274647712708,
              0.8235294222831726,
              0.7215686440467834
            ],
            "alpha": 1,
            "hex": "#C4D2B8"
          },
          "$extensions": {
            "com.figma.variableId": "VariableID:5429:17880",
            "com.figma.scopes": [
              "ALL_SCOPES"
            ]
          }
        },
        "LoadCarrier": {
          "$type": "color",
          "$value": {
            "colorSpace": "srgb",
            "components": [
              0.6823529601097107,
              0.800000011920929,
              0.5529412031173706
            ],
            "alpha": 1,
            "hex": "#AECC8D"
          },
          "$extensions": {
            "com.figma.variableId": "VariableID:5429:17881",
            "com.figma.scopes": [
              "ALL_SCOPES"
            ]
          }
        },
        "Storage Point": {
          "$type": "color",
          "$value": {
            "colorSpace": "srgb",
            "components": [
              0.3843137323856354,
              0.48627451062202454,
              0.27450981736183167
            ],
            "alpha": 1,
            "hex": "#627C46"
          },
          "$extensions": {
            "com.figma.variableId": "VariableID:5429:17882",
            "com.figma.scopes": [
              "ALL_SCOPES"
            ]
          }
        }
      },
      "Parking": {
        "Background": {
          "$type": "color",
          "$value": {
            "colorSpace": "srgb",
            "components": [
              0.929411768913269,
              0.9450980424880981,
              0.9411764740943909
            ],
            "alpha": 1,
            "hex": "#EDF1F0"
          },
          "$extensions": {
            "com.figma.variableId": "VariableID:5429:17883",
            "com.figma.scopes": [
              "ALL_SCOPES"
            ]
          }
        },
        "Vehicle": {
          "$type": "color",
          "$value": {
            "colorSpace": "srgb",
            "components": [
              0.8784313797950745,
              0.9098039269447327,
              0.8901960849761963
            ],
            "alpha": 1,
            "hex": "#E0E8E3"
          },
          "$extensions": {
            "com.figma.variableId": "VariableID:5429:17884",
            "com.figma.scopes": [
              "ALL_SCOPES"
            ]
          }
        },
        "Parking Point": {
          "$type": "color",
          "$value": {
            "colorSpace": "srgb",
            "components": [
              0.3333333432674408,
              0.4470588266849518,
              0.3764705955982208
            ],
            "alpha": 1,
            "hex": "#557260"
          },
          "$extensions": {
            "com.figma.variableId": "VariableID:5429:17885",
            "com.figma.scopes": [
              "ALL_SCOPES"
            ]
          }
        }
      },
      "Charging": {
        "Charging Background": {
          "$type": "color",
          "$value": {
            "colorSpace": "srgb",
            "components": [
              0.8392156958580017,
              0.8392156958580017,
              0.8509804010391235
            ],
            "alpha": 1,
            "hex": "#D6D6D9"
          },
          "$extensions": {
            "com.figma.variableId": "VariableID:5429:17886",
            "com.figma.scopes": [
              "ALL_SCOPES"
            ]
          }
        },
        "Vehicle": {
          "$type": "color",
          "$value": {
            "colorSpace": "srgb",
            "components": [
              0.6901960968971252,
              0.6901960968971252,
              0.6980392336845398
            ],
            "alpha": 1,
            "hex": "#B0B0B2"
          },
          "$extensions": {
            "com.figma.variableId": "VariableID:5429:17887",
            "com.figma.scopes": [
              "ALL_SCOPES"
            ]
          }
        },
        "Point": {
          "$type": "color",
          "$value": {
            "colorSpace": "srgb",
            "components": [
              0.4588235318660736,
              0.9764705896377563,
              0.2980392277240753
            ],
            "alpha": 1,
            "hex": "#75F94C"
          },
          "$extensions": {
            "com.figma.variableId": "VariableID:5429:17888",
            "com.figma.scopes": [
              "ALL_SCOPES"
            ]
          }
        }
      },
      "Process One": {
        "Background": {
          "$type": "color",
          "$value": {
            "colorSpace": "srgb",
            "components": [
              0.9529411792755127,
              0.8470588326454163,
              0.8078431487083435
            ],
            "alpha": 1,
            "hex": "#F3D8CE"
          },
          "$extensions": {
            "com.figma.variableId": "VariableID:5429:17889",
            "com.figma.scopes": [
              "ALL_SCOPES"
            ]
          }
        },
        "Vehicle": {
          "$type": "color",
          "$value": {
            "colorSpace": "srgb",
            "components": [
              0.8549019694328308,
              0.7647058963775635,
              0.7215686440467834
            ],
            "alpha": 1,
            "hex": "#DAC3B8"
          },
          "$extensions": {
            "com.figma.variableId": "VariableID:5429:17890",
            "com.figma.scopes": [
              "ALL_SCOPES"
            ]
          }
        },
        "LoadCarrier": {
          "$type": "color",
          "$value": {
            "colorSpace": "srgb",
            "components": [
              0.8705882430076599,
              0.6627451181411743,
              0.5568627715110779
            ],
            "alpha": 1,
            "hex": "#DEA98E"
          },
          "$extensions": {
            "com.figma.variableId": "VariableID:5429:17891",
            "com.figma.scopes": [
              "ALL_SCOPES"
            ]
          }
        }
      },
      "Process Two": {
        "Background": {
          "$type": "color",
          "$value": {
            "colorSpace": "srgb",
            "components": [
              0.7764706015586853,
              0.9333333373069763,
              0.9450980424880981
            ],
            "alpha": 1,
            "hex": "#C6EEF1"
          },
          "$extensions": {
            "com.figma.variableId": "VariableID:5429:17892",
            "com.figma.scopes": [
              "ALL_SCOPES"
            ]
          }
        },
        "Vehicle": {
          "$type": "color",
          "$value": {
            "colorSpace": "srgb",
            "components": [
              0.7215686440467834,
              0.8470588326454163,
              0.8549019694328308
            ],
            "alpha": 1,
            "hex": "#B8D8DA"
          },
          "$extensions": {
            "com.figma.variableId": "VariableID:5429:17893",
            "com.figma.scopes": [
              "ALL_SCOPES"
            ]
          }
        },
        "Process Two LoadCarrier": {
          "$type": "color",
          "$value": {
            "colorSpace": "srgb",
            "components": [
              0.41960784792900085,
              0.7647058963775635,
              0.7882353067398071
            ],
            "alpha": 1,
            "hex": "#6BC3C9"
          },
          "$extensions": {
            "com.figma.variableId": "VariableID:5429:17894",
            "com.figma.scopes": [
              "ALL_SCOPES"
            ]
          }
        }
      },
      "Highway": {
        "Background": {
          "$type": "color",
          "$value": {
            "colorSpace": "srgb",
            "components": [
              0.9411764740943909,
              0.8784313797950745,
              0.9843137264251709
            ],
            "alpha": 1,
            "hex": "#F0E0FB"
          },
          "$extensions": {
            "com.figma.variableId": "VariableID:5429:17895",
            "com.figma.scopes": [
              "ALL_SCOPES"
            ]
          }
        },
        "Vehicle": {
          "$type": "color",
          "$value": {
            "colorSpace": "srgb",
            "components": [
              0.8549019694328308,
              0.800000011920929,
              0.8980392217636108
            ],
            "alpha": 1,
            "hex": "#DACCE5"
          },
          "$extensions": {
            "com.figma.variableId": "VariableID:5429:17896",
            "com.figma.scopes": [
              "ALL_SCOPES"
            ]
          }
        },
        "Highway Point": {
          "$type": "color",
          "$value": {
            "colorSpace": "srgb",
            "components": [
              0.5607843399047852,
              0.11372549086809158,
              0.8705882430076599
            ],
            "alpha": 1,
            "hex": "#8F1DDE"
          },
          "$extensions": {
            "com.figma.variableId": "VariableID:5429:17897",
            "com.figma.scopes": [
              "ALL_SCOPES"
            ]
          }
        }
      },
      "Exit Entry": {
        "Background": {
          "$type": "color",
          "$value": {
            "colorSpace": "srgb",
            "components": [
              0.8078431487083435,
              0.8666666746139526,
              0.9529411792755127
            ],
            "alpha": 1,
            "hex": "#CEDDF3"
          },
          "$extensions": {
            "com.figma.variableId": "VariableID:5429:17898",
            "com.figma.scopes": [
              "ALL_SCOPES"
            ]
          }
        },
        "Vehicle": {
          "$type": "color",
          "$value": {
            "colorSpace": "srgb",
            "components": [
              0.48627451062202454,
              0.6431372761726379,
              0.8745098114013672
            ],
            "alpha": 1,
            "hex": "#7CA4DF"
          },
          "$extensions": {
            "com.figma.variableId": "VariableID:5429:17899",
            "com.figma.scopes": [
              "ALL_SCOPES"
            ]
          }
        },
        "Exit Entry LoadCarrier": {
          "$type": "color",
          "$value": {
            "colorSpace": "srgb",
            "components": [
              0.1882352977991104,
              0.42352941632270813,
              0.772549033164978
            ],
            "alpha": 1,
            "hex": "#306CC5"
          },
          "$extensions": {
            "com.figma.variableId": "VariableID:5429:17900",
            "com.figma.scopes": [
              "ALL_SCOPES"
            ]
          }
        }
      },
      "Manual": {
        "Background": {
          "$type": "color",
          "$value": "{Color.Neutral.Neutral 600}",
          "$extensions": {
            "com.figma.variableId": "VariableID:5453:42699",
            "com.figma.scopes": [
              "ALL_SCOPES"
            ]
          }
        },
        "Lines": {
          "$type": "color",
          "$value": "{Color.Neutral.Neutral 300}",
          "$extensions": {
            "com.figma.variableId": "VariableID:5453:42700",
            "com.figma.scopes": [
              "ALL_SCOPES"
            ]
          }
        }
      }
    }
  },
  "Radius": {
    "sm": {
      "$type": "number",
      "$value": 2,
      "$extensions": {
        "com.figma.variableId": "VariableID:5429:17901",
        "com.figma.scopes": [
          "ALL_SCOPES"
        ]
      }
    },
    "md": {
      "$type": "number",
      "$value": 4,
      "$extensions": {
        "com.figma.variableId": "VariableID:5429:17902",
        "com.figma.scopes": [
          "ALL_SCOPES"
        ]
      }
    }
  },
  "Font": {
    "Family": {
      "Title": {
        "$type": "string",
        "$value": "Inter",
        "$extensions": {
          "com.figma.type": "string",
          "com.figma.variableId": "VariableID:5548:36414",
          "com.figma.scopes": [
            "ALL_SCOPES"
          ]
        }
      },
      "Body": {
        "$type": "string",
        "$value": "Inter",
        "$extensions": {
          "com.figma.type": "string",
          "com.figma.variableId": "VariableID:5549:24141",
          "com.figma.scopes": [
            "ALL_SCOPES"
          ]
        }
      }
    },
    "Weight": {
      "Regular": {
        "$type": "string",
        "$value": "Regular",
        "$extensions": {
          "com.figma.type": "string",
          "com.figma.variableId": "VariableID:5549:24145",
          "com.figma.scopes": [
            "ALL_SCOPES"
          ]
        }
      },
      "Normal": {
        "$type": "string",
        "$value": "Normal",
        "$extensions": {
          "com.figma.type": "string",
          "com.figma.variableId": "VariableID:5549:24146",
          "com.figma.scopes": [
            "ALL_SCOPES"
          ]
        }
      },
      "Medium": {
        "$type": "string",
        "$value": "Medium",
        "$extensions": {
          "com.figma.type": "string",
          "com.figma.variableId": "VariableID:5558:24807",
          "com.figma.scopes": [
            "ALL_SCOPES"
          ]
        }
      },
      "Semibold": {
        "$type": "string",
        "$value": "Semibold",
        "$extensions": {
          "com.figma.type": "string",
          "com.figma.variableId": "VariableID:5549:24147",
          "com.figma.scopes": [
            "ALL_SCOPES"
          ]
        }
      }
    },
    "Size": {
      "xxxs": {
        "$type": "number",
        "$value": 10,
        "$extensions": {
          "com.figma.variableId": "VariableID:5549:24148",
          "com.figma.scopes": [
            "ALL_SCOPES"
          ]
        }
      },
      "xxs": {
        "$type": "number",
        "$value": 12,
        "$extensions": {
          "com.figma.variableId": "VariableID:5549:24150",
          "com.figma.scopes": [
            "ALL_SCOPES"
          ]
        }
      },
      "xs": {
        "$type": "number",
        "$value": 14,
        "$extensions": {
          "com.figma.variableId": "VariableID:5549:24149",
          "com.figma.scopes": [
            "ALL_SCOPES"
          ]
        }
      },
      "sm": {
        "$type": "number",
        "$value": 16,
        "$extensions": {
          "com.figma.variableId": "VariableID:5549:24151",
          "com.figma.scopes": [
            "ALL_SCOPES"
          ]
        }
      },
      "md": {
        "$type": "number",
        "$value": 18,
        "$extensions": {
          "com.figma.variableId": "VariableID:5549:24152",
          "com.figma.scopes": [
            "ALL_SCOPES"
          ]
        }
      },
      "lg": {
        "$type": "number",
        "$value": 28,
        "$extensions": {
          "com.figma.variableId": "VariableID:5549:24153",
          "com.figma.scopes": [
            "ALL_SCOPES"
          ]
        }
      }
    }
  },
  "$extensions": {
    "com.figma.modeName": "Bastian Solutions"
  }
}